Gate,x,y,z,theta,size
1,0.72,-0.33,0.80,-1.57079,0.4         
2,1.70,  -0.18, 1.3,0.34906,0.4    
3,0.60,  0.69, 1.16,1.57,0.4
4,-0.45, 0.72, 1.30,2.15,0.4 